{"cameraMode":{"drawMode":0,"name":"Shaded","section":"Shading Mode"},"sceneLighting":true,"audioPlay":false,"sceneViewState":{"m_AlwaysRefresh":false,"showFog":true,"showSkybox":true,"showFlares":true,"showImageEffects":true,"showParticleSystems":true,"showVisualEffectGraphs":true,"m_FxEnabled":true},"in2DMode":false,"pivot":{"x":10.243353843688965,"y":8.264630317687989,"z":-7.243296146392822},"rotation":{"x":0.21286198496818543,"y":-0.30692535638809206,"z":0.07063286751508713,"w":0.9249351024627686},"size":3.975940704345703,"orthographic":false}